Checkpoint Path,Classification Report,Average Precision,Average Recall,Overall Precision,Overall Recall,F1 Score,Per Label Precision,Per Label Recall,Per Label F1,Macro Precision,Macro Recall,Macro F1 Score
pfl-research/benchmarks/hf_checkpoint/final_fl/fl_4_retry_0/checkpoint-14,"
Classification Report:

              precision    recall  f1-score   support

 hate speech       0.80      0.35      0.48       593
      normal       0.46      0.98      0.62       781
   offensive       0.00      0.00      0.00       548
   undecided       0.00      0.00      0.00         0

    accuracy                           0.50      1922
   macro avg       0.32      0.33      0.28      1922
weighted avg       0.43      0.50      0.40      1922
",0.4614984391259105,0.4559486645855012,0.46384297520661155,0.43402609956500726,0.4484394506866417,"{'african': 0.8106060606060606, 'arab': 1.0, 'asian': 1.0, 'caucasian': 1.0, 'christian': 0, 'hispanic': 1.0, 'buddhism': 0, 'hindu': 0, 'islam': 0.9259259259259259, 'jewish': 0.9850746268656716, 'men': 0, 'women': 0, 'heterosexual': 0, 'homosexual': 0.8809523809523809, 'indigenous': 0, 'refugee': 0.7142857142857143, 'immigrant': 0, 'disability': 0, 'none': 0.3935912938331318}","{'african': 0.34516129032258064, 'arab': 0.025974025974025976, 'asian': 0.058823529411764705, 'caucasian': 0.020833333333333332, 'christian': 0.0, 'hispanic': 0.05714285714285714, 'buddhism': 0, 'hindu': 0, 'islam': 0.12254901960784313, 'jewish': 0.3548387096774194, 'men': 0.0, 'women': 0.0, 'heterosexual': 0, 'homosexual': 0.2032967032967033, 'indigenous': 0, 'refugee': 0.06493506493506493, 'immigrant': 0, 'disability': 0.0, 'none': 0.9745508982035929}","{'african': 0.4841628959276018, 'arab': 0.05063291139240507, 'asian': 0.1111111111111111, 'caucasian': 0.04081632653061225, 'christian': 0, 'hispanic': 0.1081081081081081, 'buddhism': 0, 'hindu': 0, 'islam': 0.21645021645021648, 'jewish': 0.5217391304347827, 'men': 0, 'women': 0, 'heterosexual': 0, 'homosexual': 0.3303571428571429, 'indigenous': 0, 'refugee': 0.11904761904761903, 'immigrant': 0, 'disability': 0, 'none': 0.5607235142118863}",0.45844400012994124,0.11726870694237819,0.13384994610902556
pfl-research/benchmarks/hf_checkpoint/final_fl/fl_4_retry_0/checkpoint-19,"
Classification Report:

              precision    recall  f1-score   support

 hate speech       0.85      0.23      0.36       593
      normal       0.53      0.95      0.68       781
   offensive       0.24      0.16      0.19       548
   undecided       0.00      0.00      0.00         0

    accuracy                           0.50      1922
   macro avg       0.40      0.33      0.31      1922
weighted avg       0.55      0.50      0.44      1922
",0.5832466181061394,0.5580992022199097,0.5852272727272727,0.5476075398743354,0.565792759051186,"{'african': 0.9069767441860465, 'arab': 0.7931034482758621, 'asian': 0.6, 'caucasian': 0, 'christian': 0, 'hispanic': 0.9090909090909091, 'buddhism': 0, 'hindu': 0, 'islam': 0.8303571428571429, 'jewish': 0.956140350877193, 'men': 0, 'women': 0, 'heterosexual': 0, 'homosexual': 0.8031496062992126, 'indigenous': 0, 'refugee': 0.5348837209302325, 'immigrant': 0, 'disability': 0, 'none': 0.4630616907844631}","{'african': 0.5032258064516129, 'arab': 0.2987012987012987, 'asian': 0.2647058823529412, 'caucasian': 0.0, 'christian': 0.0, 'hispanic': 0.2857142857142857, 'buddhism': 0, 'hindu': 0, 'islam': 0.45588235294117646, 'jewish': 0.5860215053763441, 'men': 0.0, 'women': 0.0, 'heterosexual': 0, 'homosexual': 0.5604395604395604, 'indigenous': 0, 'refugee': 0.2987012987012987, 'immigrant': 0, 'disability': 0.0, 'none': 0.9101796407185628}","{'african': 0.6473029045643153, 'arab': 0.4339622641509434, 'asian': 0.36734693877551017, 'caucasian': 0, 'christian': 0, 'hispanic': 0.43478260869565216, 'buddhism': 0, 'hindu': 0, 'islam': 0.5886075949367088, 'jewish': 0.7266666666666667, 'men': 0, 'women': 0, 'heterosexual': 0, 'homosexual': 0.6601941747572815, 'indigenous': 0, 'refugee': 0.38333333333333336, 'immigrant': 0, 'disability': 0, 'none': 0.6138313982836952}",0.3577244007000559,0.219135349020899,0.2555804149560056
pfl-research/benchmarks/hf_checkpoint/final_fl/fl_4_retry_0/checkpoint-24,"
Classification Report:

              precision    recall  f1-score   support

 hate speech       0.79      0.43      0.55       593
      normal       0.60      0.93      0.73       781
   offensive       0.28      0.20      0.23       548
   undecided       0.00      0.00      0.00         0

    accuracy                           0.57      1922
   macro avg       0.42      0.39      0.38      1922
weighted avg       0.57      0.57      0.53      1922
",0.6584287200832466,0.6367672563302114,0.6632047477744807,0.6481391976800387,0.6555854314348569,"{'african': 0.8576923076923076, 'arab': 0.7547169811320755, 'asian': 0.5833333333333334, 'caucasian': 0.5454545454545454, 'christian': 0, 'hispanic': 0.8, 'buddhism': 0, 'hindu': 0, 'islam': 0.8009950248756219, 'jewish': 0.8777777777777778, 'men': 0, 'women': 0.4583333333333333, 'heterosexual': 0, 'homosexual': 0.7985611510791367, 'indigenous': 0, 'refugee': 0.5932203389830508, 'immigrant': 0, 'disability': 0, 'none': 0.5477582846003899}","{'african': 0.7193548387096774, 'arab': 0.5194805194805194, 'asian': 0.4117647058823529, 'caucasian': 0.125, 'christian': 0.0, 'hispanic': 0.5714285714285714, 'buddhism': 0, 'hindu': 0, 'islam': 0.7892156862745098, 'jewish': 0.8494623655913979, 'men': 0.0, 'women': 0.0728476821192053, 'heterosexual': 0, 'homosexual': 0.6098901098901099, 'indigenous': 0, 'refugee': 0.45454545454545453, 'immigrant': 0, 'disability': 0.0, 'none': 0.8413173652694611}","{'african': 0.7824561403508772, 'arab': 0.6153846153846154, 'asian': 0.4827586206896552, 'caucasian': 0.20338983050847456, 'christian': 0, 'hispanic': 0.6666666666666666, 'buddhism': 0, 'hindu': 0, 'islam': 0.7950617283950617, 'jewish': 0.8633879781420764, 'men': 0, 'women': 0.12571428571428572, 'heterosexual': 0, 'homosexual': 0.691588785046729, 'indigenous': 0, 'refugee': 0.5147058823529411, 'immigrant': 0, 'disability': 0, 'none': 0.6635182998819363}",0.4009391093821881,0.31391091048375047,0.33708593858596414
pfl-research/benchmarks/hf_checkpoint/final_fl/fl_4_retry_0/checkpoint-29,"
Classification Report:

              precision    recall  f1-score   support

 hate speech       0.68      0.84      0.76       593
      normal       0.69      0.80      0.74       781
   offensive       0.58      0.30      0.40       548
   undecided       0.00      0.00      0.00         0

    accuracy                           0.67      1922
   macro avg       0.49      0.49      0.47      1922
weighted avg       0.66      0.67      0.65      1922
",0.662330905306972,0.6588102670828999,0.665570690465007,0.6848719188013533,0.6750833730347785,"{'african': 0.7576601671309192, 'arab': 0.7222222222222222, 'asian': 0.5405405405405406, 'caucasian': 0.375, 'christian': 0, 'hispanic': 0.7222222222222222, 'buddhism': 0, 'hindu': 0.0, 'islam': 0.8265895953757225, 'jewish': 0.8564102564102564, 'men': 0, 'women': 0.4878048780487805, 'heterosexual': 0, 'homosexual': 0.7602040816326531, 'indigenous': 0, 'refugee': 0.625, 'immigrant': 0, 'disability': 0, 'none': 0.575192096597146}","{'african': 0.8774193548387097, 'arab': 0.6753246753246753, 'asian': 0.5882352941176471, 'caucasian': 0.125, 'christian': 0.0, 'hispanic': 0.7428571428571429, 'buddhism': 0, 'hindu': 0, 'islam': 0.7009803921568627, 'jewish': 0.8978494623655914, 'men': 0.0, 'women': 0.26490066225165565, 'heterosexual': 0, 'homosexual': 0.8186813186813187, 'indigenous': 0, 'refugee': 0.19480519480519481, 'immigrant': 0, 'disability': 0.0, 'none': 0.7844311377245509}","{'african': 0.8131539611360238, 'arab': 0.6979865771812082, 'asian': 0.5633802816901409, 'caucasian': 0.1875, 'christian': 0, 'hispanic': 0.732394366197183, 'buddhism': 0, 'hindu': 0, 'islam': 0.7586206896551724, 'jewish': 0.8766404199475065, 'men': 0, 'women': 0.34334763948497854, 'heterosexual': 0, 'homosexual': 0.7883597883597883, 'indigenous': 0, 'refugee': 0.29702970297029707, 'immigrant': 0, 'disability': 0, 'none': 0.6637112096263458}",0.3815182136937086,0.35107813869070253,0.35379603348677074
pfl-research/benchmarks/hf_checkpoint/final_fl/fl_4_retry_0/checkpoint-34,"
Classification Report:

              precision    recall  f1-score   support

 hate speech       0.81      0.40      0.54       593
      normal       0.64      0.90      0.74       781
   offensive       0.38      0.36      0.37       548
   undecided       0.00      0.00      0.00         0

    accuracy                           0.59      1922
   macro avg       0.46      0.42      0.41      1922
weighted avg       0.62      0.59      0.57      1922
",0.6015435310440512,0.5742802636142907,0.6059535822401615,0.5804736587723538,0.5929400148111577,"{'african': 0.8628318584070797, 'arab': 0.7555555555555555, 'asian': 0.5, 'caucasian': 0, 'christian': 0, 'hispanic': 0.9047619047619048, 'buddhism': 0, 'hindu': 0, 'islam': 0.8273381294964028, 'jewish': 0.8941176470588236, 'men': 0, 'women': 0.5681818181818182, 'heterosexual': 0, 'homosexual': 0.8294573643410853, 'indigenous': 0, 'refugee': 0.6037735849056604, 'immigrant': 0, 'disability': 0, 'none': 0.506454816285998}","{'african': 0.6290322580645161, 'arab': 0.44155844155844154, 'asian': 0.35294117647058826, 'caucasian': 0.0, 'christian': 0.0, 'hispanic': 0.5428571428571428, 'buddhism': 0, 'hindu': 0, 'islam': 0.5637254901960784, 'jewish': 0.8172043010752689, 'men': 0.0, 'women': 0.16556291390728478, 'heterosexual': 0, 'homosexual': 0.5879120879120879, 'indigenous': 0, 'refugee': 0.4155844155844156, 'immigrant': 0, 'disability': 0.0, 'none': 0.7634730538922155}","{'african': 0.7276119402985075, 'arab': 0.5573770491803278, 'asian': 0.41379310344827586, 'caucasian': 0, 'christian': 0, 'hispanic': 0.6785714285714285, 'buddhism': 0, 'hindu': 0, 'islam': 0.6705539358600583, 'jewish': 0.8539325842696629, 'men': 0, 'women': 0.2564102564102564, 'heterosexual': 0, 'homosexual': 0.6881028938906752, 'indigenous': 0, 'refugee': 0.4923076923076923, 'immigrant': 0, 'disability': 0, 'none': 0.608955223880597}",0.3817090883681225,0.2778869095535811,0.31303242674302534
pfl-research/benchmarks/hf_checkpoint/final_fl/fl_4_retry_0/checkpoint-39,"
Classification Report:

              precision    recall  f1-score   support

 hate speech       0.81      0.58      0.67       593
      normal       0.69      0.85      0.76       781
   offensive       0.44      0.43      0.44       548
   undecided       0.00      0.00      0.00         0

    accuracy                           0.65      1922
   macro avg       0.48      0.46      0.47      1922
weighted avg       0.66      0.65      0.64      1922
",0.6770724939299341,0.6524106833159903,0.6810302129767212,0.6645722571290479,0.6727005870841488,"{'african': 0.8338870431893688, 'arab': 0.7419354838709677, 'asian': 0.6, 'caucasian': 0.75, 'christian': 1.0, 'hispanic': 0.8518518518518519, 'buddhism': 0, 'hindu': 0, 'islam': 0.81875, 'jewish': 0.8959537572254336, 'men': 0, 'women': 0.56, 'heterosexual': 0, 'homosexual': 0.8205128205128205, 'indigenous': 0, 'refugee': 0.6666666666666666, 'immigrant': 0, 'disability': 0, 'none': 0.566289825282631}","{'african': 0.8096774193548387, 'arab': 0.5974025974025974, 'asian': 0.5294117647058824, 'caucasian': 0.0625, 'christian': 0.3333333333333333, 'hispanic': 0.6571428571428571, 'buddhism': 0, 'hindu': 0, 'islam': 0.6421568627450981, 'jewish': 0.8333333333333334, 'men': 0.0, 'women': 0.2781456953642384, 'heterosexual': 0, 'homosexual': 0.7032967032967034, 'indigenous': 0, 'refugee': 0.33766233766233766, 'immigrant': 0, 'disability': 0.0, 'none': 0.8248502994011976}","{'african': 0.8216039279869067, 'arab': 0.6618705035971223, 'asian': 0.5625, 'caucasian': 0.11538461538461539, 'christian': 0.5, 'hispanic': 0.7419354838709677, 'buddhism': 0, 'hindu': 0, 'islam': 0.7197802197802198, 'jewish': 0.8635097493036211, 'men': 0, 'women': 0.3716814159292035, 'heterosexual': 0, 'homosexual': 0.7573964497041421, 'indigenous': 0, 'refugee': 0.4482758620689655, 'immigrant': 0, 'disability': 0, 'none': 0.6715417428397319}",0.4792551288736705,0.3478375370390746,0.3808147352876577
pfl-research/benchmarks/hf_checkpoint/final_fl/fl_4_retry_0/checkpoint-4,"
Classification Report:

              precision    recall  f1-score   support

 hate speech       0.00      0.00      0.00       592
      normal       0.50      0.89      0.64       781
   offensive       0.22      0.21      0.21       548
   undecided       0.00      0.00      0.00         0

    accuracy                           0.42      1921
   macro avg       0.18      0.28      0.21      1921
weighted avg       0.27      0.42      0.32      1921
",0.45161290322580644,0.4416406520985085,0.4516632016632017,0.42000966650555827,0.4352617079889807,"{'african': 0.7987804878048781, 'arab': 0.0, 'asian': 0.6666666666666666, 'caucasian': 0, 'christian': 0.0, 'hispanic': 1.0, 'buddhism': 0, 'hindu': 0.0, 'islam': 1.0, 'jewish': 0.8280254777070064, 'men': 0, 'women': 1.0, 'heterosexual': 0, 'homosexual': 1.0, 'indigenous': 0.0, 'refugee': 0, 'immigrant': 0, 'disability': 0, 'none': 0.44200151630022744}","{'african': 0.42258064516129035, 'arab': 0.0, 'asian': 0.35294117647058826, 'caucasian': 0.0, 'christian': 0.0, 'hispanic': 0.2, 'buddhism': 0, 'hindu': 0, 'islam': 0.00980392156862745, 'jewish': 0.6989247311827957, 'men': 0.0, 'women': 0.013245033112582781, 'heterosexual': 0, 'homosexual': 0.01098901098901099, 'indigenous': 0, 'refugee': 0.0, 'immigrant': 0, 'disability': 0.0, 'none': 0.8727544910179641}","{'african': 0.5527426160337553, 'arab': 0, 'asian': 0.46153846153846156, 'caucasian': 0, 'christian': 0, 'hispanic': 0.33333333333333337, 'buddhism': 0, 'hindu': 0, 'islam': 0.01941747572815534, 'jewish': 0.7580174927113703, 'men': 0, 'women': 0.0261437908496732, 'heterosexual': 0, 'homosexual': 0.02173913043478261, 'indigenous': 0, 'refugee': 0, 'immigrant': 0, 'disability': 0, 'none': 0.5868142929038752}",0.3544986393936199,0.13585468471067683,0.1452498207122846
pfl-research/benchmarks/hf_checkpoint/final_fl/fl_4_retry_0/checkpoint-44,"
Classification Report:

              precision    recall  f1-score   support

 hate speech       0.87      0.49      0.62       593
      normal       0.68      0.86      0.76       781
   offensive       0.43      0.46      0.44       548
   undecided       0.00      0.00      0.00         0

    accuracy                           0.63      1922
   macro avg       0.49      0.45      0.46      1922
weighted avg       0.66      0.63      0.63      1922
",0.6847901491501908,0.656191467221644,0.68812375249501,0.666505558240696,0.6771421556592192,"{'african': 0.8592592592592593, 'arab': 0.75, 'asian': 0.6551724137931034, 'caucasian': 0.6666666666666666, 'christian': 0, 'hispanic': 0.88, 'buddhism': 0, 'hindu': 0, 'islam': 0.8435754189944135, 'jewish': 0.9090909090909091, 'men': 0, 'women': 0.5492957746478874, 'heterosexual': 0, 'homosexual': 0.8092105263157895, 'indigenous': 0, 'refugee': 0.6491228070175439, 'immigrant': 0, 'disability': 0, 'none': 0.5742677824267782}","{'african': 0.7483870967741936, 'arab': 0.5454545454545454, 'asian': 0.5588235294117647, 'caucasian': 0.041666666666666664, 'christian': 0.0, 'hispanic': 0.6285714285714286, 'buddhism': 0, 'hindu': 0, 'islam': 0.7401960784313726, 'jewish': 0.8602150537634409, 'men': 0.0, 'women': 0.2582781456953642, 'heterosexual': 0, 'homosexual': 0.6758241758241759, 'indigenous': 0, 'refugee': 0.4805194805194805, 'immigrant': 0, 'disability': 0.0, 'none': 0.8218562874251497}","{'african': 0.7999999999999999, 'arab': 0.631578947368421, 'asian': 0.6031746031746031, 'caucasian': 0.0784313725490196, 'christian': 0, 'hispanic': 0.7333333333333334, 'buddhism': 0, 'hindu': 0, 'islam': 0.7885117493472585, 'jewish': 0.8839779005524862, 'men': 0, 'women': 0.3513513513513513, 'heterosexual': 0, 'homosexual': 0.7365269461077845, 'indigenous': 0, 'refugee': 0.5522388059701493, 'immigrant': 0, 'disability': 0, 'none': 0.6761083743842364}",0.4287190293795973,0.33472592044934646,0.3597491254809812
pfl-research/benchmarks/hf_checkpoint/final_fl/fl_4_retry_0/checkpoint-49,"
Classification Report:

              precision    recall  f1-score   support

 hate speech       0.84      0.58      0.69       593
      normal       0.67      0.86      0.76       781
   offensive       0.48      0.44      0.46       548
   undecided       0.00      0.00      0.00         0

    accuracy                           0.66      1922
   macro avg       0.50      0.47      0.47      1922
weighted avg       0.67      0.66      0.65      1922
",0.6730835934790149,0.6472944849115503,0.6770988574267263,0.6587723537941035,0.6678098971092602,"{'african': 0.8592592592592593, 'arab': 0.75, 'asian': 0.6666666666666666, 'caucasian': 0.2, 'christian': 0, 'hispanic': 0.8518518518518519, 'buddhism': 0, 'hindu': 0, 'islam': 0.8552631578947368, 'jewish': 0.875, 'men': 0, 'women': 0.5769230769230769, 'heterosexual': 0, 'homosexual': 0.8344827586206897, 'indigenous': 0, 'refugee': 0.717391304347826, 'immigrant': 0, 'disability': 0, 'none': 0.560528992878942}","{'african': 0.7483870967741936, 'arab': 0.5844155844155844, 'asian': 0.5294117647058824, 'caucasian': 0.020833333333333332, 'christian': 0.0, 'hispanic': 0.6571428571428571, 'buddhism': 0, 'hindu': 0, 'islam': 0.6372549019607843, 'jewish': 0.8655913978494624, 'men': 0.0, 'women': 0.2980132450331126, 'heterosexual': 0, 'homosexual': 0.6648351648351648, 'indigenous': 0, 'refugee': 0.42857142857142855, 'immigrant': 0, 'disability': 0.0, 'none': 0.8248502994011976}","{'african': 0.7999999999999999, 'arab': 0.6569343065693432, 'asian': 0.5901639344262295, 'caucasian': 0.03773584905660377, 'christian': 0, 'hispanic': 0.7419354838709677, 'buddhism': 0, 'hindu': 0, 'islam': 0.7303370786516854, 'jewish': 0.8702702702702703, 'men': 0, 'women': 0.39301310043668125, 'heterosexual': 0, 'homosexual': 0.7400611620795108, 'indigenous': 0, 'refugee': 0.5365853658536586, 'immigrant': 0, 'disability': 0, 'none': 0.6674742580254391}",0.4077561614970026,0.32943721442226326,0.3560268846968626
pfl-research/benchmarks/hf_checkpoint/final_fl/fl_4_retry_0/checkpoint-54,"
Classification Report:

              precision    recall  f1-score   support

 hate speech       0.87      0.59      0.71       593
      normal       0.66      0.88      0.75       781
   offensive       0.49      0.43      0.46       548
   undecided       0.00      0.00      0.00         0

    accuracy                           0.66      1922
   macro avg       0.51      0.48      0.48      1922
weighted avg       0.68      0.66      0.66      1922
",0.682969129379119,0.6594519597641346,0.6870983687592684,0.6718221362977284,0.6793743890518085,"{'african': 0.8730769230769231, 'arab': 0.8, 'asian': 0.6428571428571429, 'caucasian': 0.3333333333333333, 'christian': 1.0, 'hispanic': 0.8620689655172413, 'buddhism': 0, 'hindu': 0, 'islam': 0.8587570621468926, 'jewish': 0.8983050847457628, 'men': 0, 'women': 0.5833333333333334, 'heterosexual': 0, 'homosexual': 0.815068493150685, 'indigenous': 0, 'refugee': 0.6909090909090909, 'immigrant': 0, 'disability': 0, 'none': 0.5635635635635635}","{'african': 0.7322580645161291, 'arab': 0.5714285714285714, 'asian': 0.5294117647058824, 'caucasian': 0.020833333333333332, 'christian': 0.3333333333333333, 'hispanic': 0.7142857142857143, 'buddhism': 0, 'hindu': 0, 'islam': 0.7450980392156863, 'jewish': 0.8548387096774194, 'men': 0.0, 'women': 0.2781456953642384, 'heterosexual': 0, 'homosexual': 0.6538461538461539, 'indigenous': 0, 'refugee': 0.4935064935064935, 'immigrant': 0, 'disability': 0.0, 'none': 0.842814371257485}","{'african': 0.7964912280701755, 'arab': 0.6666666666666666, 'asian': 0.5806451612903226, 'caucasian': 0.0392156862745098, 'christian': 0.5, 'hispanic': 0.7812500000000001, 'buddhism': 0, 'hindu': 0, 'islam': 0.7979002624671915, 'jewish': 0.8760330578512397, 'men': 0, 'women': 0.37668161434977576, 'heterosexual': 0, 'homosexual': 0.725609756097561, 'indigenous': 0, 'refugee': 0.5757575757575758, 'immigrant': 0, 'disability': 0, 'none': 0.6754649070185963}",0.46954068382284053,0.35630527602476003,0.3890376797812429
pfl-research/benchmarks/hf_checkpoint/final_fl/fl_4_retry_0/checkpoint-59,"
Classification Report:

              precision    recall  f1-score   support

 hate speech       0.82      0.71      0.76       593
      normal       0.67      0.87      0.76       781
   offensive       0.56      0.40      0.47       548
   undecided       0.00      0.00      0.00         0

    accuracy                           0.69      1922
   macro avg       0.51      0.50      0.50      1922
weighted avg       0.68      0.69      0.68      1922
",0.6636316337148803,0.6415712799167533,0.6702862783810464,0.6563557274045433,0.6632478632478632,"{'african': 0.851985559566787, 'arab': 0.8135593220338984, 'asian': 0.64, 'caucasian': 0.5, 'christian': 0, 'hispanic': 0.8571428571428571, 'buddhism': 0, 'hindu': 0, 'islam': 0.8431372549019608, 'jewish': 0.8959537572254336, 'men': 0, 'women': 0.5441176470588235, 'heterosexual': 0, 'homosexual': 0.8625954198473282, 'indigenous': 0, 'refugee': 0.7241379310344828, 'immigrant': 0, 'disability': 0, 'none': 0.5445920303605313}","{'african': 0.7612903225806451, 'arab': 0.6233766233766234, 'asian': 0.47058823529411764, 'caucasian': 0.041666666666666664, 'christian': 0.0, 'hispanic': 0.6857142857142857, 'buddhism': 0, 'hindu': 0, 'islam': 0.6323529411764706, 'jewish': 0.8333333333333334, 'men': 0.0, 'women': 0.24503311258278146, 'heterosexual': 0, 'homosexual': 0.6208791208791209, 'indigenous': 0, 'refugee': 0.2727272727272727, 'immigrant': 0, 'disability': 0.0, 'none': 0.8592814371257484}","{'african': 0.8040885860306642, 'arab': 0.7058823529411764, 'asian': 0.5423728813559322, 'caucasian': 0.07692307692307693, 'christian': 0, 'hispanic': 0.7619047619047619, 'buddhism': 0, 'hindu': 0, 'islam': 0.722689075630252, 'jewish': 0.8635097493036211, 'men': 0, 'women': 0.33789954337899536, 'heterosexual': 0, 'homosexual': 0.7220447284345048, 'indigenous': 0, 'refugee': 0.3962264150943396, 'immigrant': 0, 'disability': 0, 'none': 0.6666666666666666}",0.42511693574590015,0.318223334287214,0.34737935987705226
pfl-research/benchmarks/hf_checkpoint/final_fl/fl_4_retry_0/checkpoint-64,"
Classification Report:

              precision    recall  f1-score   support

 hate speech       0.80      0.75      0.77       593
      normal       0.68      0.86      0.76       781
   offensive       0.57      0.39      0.47       548
   undecided       0.00      0.00      0.00         0

    accuracy                           0.69      1922
   macro avg       0.51      0.50      0.50      1922
weighted avg       0.69      0.69      0.68      1922
",0.6878251821019772,0.6699791883454733,0.6928327645051194,0.6868052199130015,0.6898058252427184,"{'african': 0.8597122302158273, 'arab': 0.8, 'asian': 0.6333333333333333, 'caucasian': 0.625, 'christian': 0, 'hispanic': 0.8387096774193549, 'buddhism': 0, 'hindu': 0, 'islam': 0.8497109826589595, 'jewish': 0.8776595744680851, 'men': 0, 'women': 0.5822784810126582, 'heterosexual': 0, 'homosexual': 0.782608695652174, 'indigenous': 0, 'refugee': 0.6935483870967742, 'immigrant': 0, 'disability': 0, 'none': 0.5819327731092437}","{'african': 0.7709677419354839, 'arab': 0.6233766233766234, 'asian': 0.5588235294117647, 'caucasian': 0.10416666666666667, 'christian': 0.0, 'hispanic': 0.7428571428571429, 'buddhism': 0, 'hindu': 0, 'islam': 0.7205882352941176, 'jewish': 0.8870967741935484, 'men': 0.0, 'women': 0.304635761589404, 'heterosexual': 0, 'homosexual': 0.6923076923076923, 'indigenous': 0, 'refugee': 0.5584415584415584, 'immigrant': 0, 'disability': 0.0, 'none': 0.8293413173652695}","{'african': 0.8129251700680272, 'arab': 0.7007299270072993, 'asian': 0.59375, 'caucasian': 0.1785714285714286, 'christian': 0, 'hispanic': 0.787878787878788, 'buddhism': 0, 'hindu': 0, 'islam': 0.7798408488063661, 'jewish': 0.8823529411764706, 'men': 0, 'women': 0.4, 'heterosexual': 0, 'homosexual': 0.7346938775510203, 'indigenous': 0, 'refugee': 0.6187050359712231, 'immigrant': 0, 'disability': 0, 'none': 0.6839506172839506}",0.4276049544719163,0.357505423338909,0.37754729654287233
pfl-research/benchmarks/hf_checkpoint/final_fl/fl_4_retry_0/checkpoint-69,"
Classification Report:

              precision    recall  f1-score   support

 hate speech       0.79      0.76      0.77       593
      normal       0.73      0.80      0.76       781
   offensive       0.54      0.48      0.51       548
   undecided       0.00      0.00      0.00         0

    accuracy                           0.70      1922
   macro avg       0.51      0.51      0.51      1922
weighted avg       0.69      0.70      0.69      1922
",0.7036073534512661,0.6811481096080472,0.7068627450980393,0.6969550507491542,0.7018739352640545,"{'african': 0.8214285714285714, 'arab': 0.7777777777777778, 'asian': 0.625, 'caucasian': 0.46153846153846156, 'christian': 0, 'hispanic': 0.8214285714285714, 'buddhism': 0, 'hindu': 0, 'islam': 0.8406593406593407, 'jewish': 0.875, 'men': 0, 'women': 0.59, 'heterosexual': 0, 'homosexual': 0.808641975308642, 'indigenous': 0, 'refugee': 0.6935483870967742, 'immigrant': 0, 'disability': 0, 'none': 0.6112994350282486}","{'african': 0.8161290322580645, 'arab': 0.6363636363636364, 'asian': 0.5882352941176471, 'caucasian': 0.125, 'christian': 0.0, 'hispanic': 0.6571428571428571, 'buddhism': 0, 'hindu': 0, 'islam': 0.75, 'jewish': 0.8655913978494624, 'men': 0.0, 'women': 0.39072847682119205, 'heterosexual': 0, 'homosexual': 0.7197802197802198, 'indigenous': 0, 'refugee': 0.5584415584415584, 'immigrant': 0, 'disability': 0.0, 'none': 0.8098802395209581}","{'african': 0.8187702265372168, 'arab': 0.7000000000000001, 'asian': 0.6060606060606061, 'caucasian': 0.19672131147540983, 'christian': 0, 'hispanic': 0.73015873015873, 'buddhism': 0, 'hindu': 0, 'islam': 0.7927461139896372, 'jewish': 0.8702702702702703, 'men': 0, 'women': 0.47011952191235057, 'heterosexual': 0, 'homosexual': 0.7616279069767441, 'indigenous': 0, 'refugee': 0.6187050359712231, 'immigrant': 0, 'disability': 0, 'none': 0.6967160334835802}",0.4171748694877046,0.36406803748924194,0.3822050398334615
pfl-research/benchmarks/hf_checkpoint/final_fl/fl_4_retry_0/checkpoint-74,"
Classification Report:

              precision    recall  f1-score   support

 hate speech       0.82      0.73      0.77       593
      normal       0.70      0.84      0.76       781
   offensive       0.56      0.45      0.50       548
   undecided       0.00      0.00      0.00         0

    accuracy                           0.70      1922
   macro avg       0.52      0.51      0.51      1922
weighted avg       0.69      0.70      0.69      1922
",0.6855705861949358,0.6686784599375649,0.6906965416463712,0.6853552440792653,0.688015526443474,"{'african': 0.8456140350877193, 'arab': 0.78125, 'asian': 0.6206896551724138, 'caucasian': 0.5, 'christian': 0, 'hispanic': 0.8275862068965517, 'buddhism': 0, 'hindu': 0, 'islam': 0.847953216374269, 'jewish': 0.873015873015873, 'men': 0, 'women': 0.5568181818181818, 'heterosexual': 0, 'homosexual': 0.8223684210526315, 'indigenous': 0, 'refugee': 0.7454545454545455, 'immigrant': 0, 'disability': 0, 'none': 0.5843881856540084}","{'african': 0.7774193548387097, 'arab': 0.6493506493506493, 'asian': 0.5294117647058824, 'caucasian': 0.0625, 'christian': 0.0, 'hispanic': 0.6857142857142857, 'buddhism': 0, 'hindu': 0, 'islam': 0.7107843137254902, 'jewish': 0.8870967741935484, 'men': 0.0, 'women': 0.32450331125827814, 'heterosexual': 0, 'homosexual': 0.6868131868131868, 'indigenous': 0, 'refugee': 0.5324675324675324, 'immigrant': 0, 'disability': 0.0, 'none': 0.8293413173652695}","{'african': 0.8100840336134454, 'arab': 0.7092198581560283, 'asian': 0.5714285714285715, 'caucasian': 0.1111111111111111, 'christian': 0, 'hispanic': 0.75, 'buddhism': 0, 'hindu': 0, 'islam': 0.7733333333333333, 'jewish': 0.88, 'men': 0, 'women': 0.4100418410041841, 'heterosexual': 0, 'homosexual': 0.748502994011976, 'indigenous': 0, 'refugee': 0.6212121212121212, 'immigrant': 0, 'disability': 0, 'none': 0.6856435643564357}",0.42132306950137866,0.35133697318067536,0.37213565411722144
pfl-research/benchmarks/hf_checkpoint/final_fl/fl_4_retry_0/checkpoint-79,"
Classification Report:

              precision    recall  f1-score   support

 hate speech       0.79      0.77      0.78       593
      normal       0.71      0.83      0.77       781
   offensive       0.56      0.44      0.49       548
   undecided       0.00      0.00      0.00         0

    accuracy                           0.70      1922
   macro avg       0.51      0.51      0.51      1922
weighted avg       0.69      0.70      0.69      1922
",0.6958029830038156,0.6752514741588621,0.6987775061124695,0.6906718221362977,0.6947010209042295,"{'african': 0.8355704697986577, 'arab': 0.7575757575757576, 'asian': 0.6071428571428571, 'caucasian': 0.5, 'christian': 0, 'hispanic': 0.8214285714285714, 'buddhism': 0, 'hindu': 0, 'islam': 0.8571428571428571, 'jewish': 0.8670212765957447, 'men': 0, 'women': 0.5434782608695652, 'heterosexual': 0, 'homosexual': 0.7878787878787878, 'indigenous': 0, 'refugee': 0.7096774193548387, 'immigrant': 0, 'disability': 0, 'none': 0.6006637168141593}","{'african': 0.8032258064516129, 'arab': 0.6493506493506493, 'asian': 0.5, 'caucasian': 0.14583333333333334, 'christian': 0.0, 'hispanic': 0.6571428571428571, 'buddhism': 0, 'hindu': 0, 'islam': 0.7352941176470589, 'jewish': 0.8763440860215054, 'men': 0.0, 'women': 0.33112582781456956, 'heterosexual': 0, 'homosexual': 0.7142857142857143, 'indigenous': 0, 'refugee': 0.5714285714285714, 'immigrant': 0, 'disability': 0.0, 'none': 0.812874251497006}","{'african': 0.819078947368421, 'arab': 0.6993006993006993, 'asian': 0.5483870967741935, 'caucasian': 0.22580645161290322, 'christian': 0, 'hispanic': 0.73015873015873, 'buddhism': 0, 'hindu': 0, 'islam': 0.7915567282321899, 'jewish': 0.8716577540106952, 'men': 0, 'women': 0.411522633744856, 'heterosexual': 0, 'homosexual': 0.7492795389048993, 'indigenous': 0, 'refugee': 0.6330935251798562, 'immigrant': 0, 'disability': 0, 'none': 0.6908396946564885}",0.4151357881369367,0.35773185341962516,0.37740430526020696
pfl-research/benchmarks/hf_checkpoint/final_fl/fl_4_retry_0/checkpoint-84,"
Classification Report:

              precision    recall  f1-score   support

 hate speech       0.81      0.75      0.78       593
      normal       0.71      0.83      0.77       781
   offensive       0.56      0.46      0.50       548
   undecided       0.00      0.00      0.00         0

    accuracy                           0.70      1922
   macro avg       0.52      0.51      0.51      1922
weighted avg       0.70      0.70      0.69      1922
",0.6968435657301423,0.6722164412070759,0.7003449975357319,0.6868052199130015,0.6935090287945339,"{'african': 0.8378378378378378, 'arab': 0.7936507936507936, 'asian': 0.6206896551724138, 'caucasian': 0.5, 'christian': 0, 'hispanic': 0.8275862068965517, 'buddhism': 0, 'hindu': 0, 'islam': 0.8538011695906432, 'jewish': 0.8804347826086957, 'men': 0, 'women': 0.5609756097560976, 'heterosexual': 0, 'homosexual': 0.8235294117647058, 'indigenous': 0, 'refugee': 0.7407407407407407, 'immigrant': 0, 'disability': 0, 'none': 0.5924731182795699}","{'african': 0.8, 'arab': 0.6493506493506493, 'asian': 0.5294117647058824, 'caucasian': 0.14583333333333334, 'christian': 0.0, 'hispanic': 0.6857142857142857, 'buddhism': 0, 'hindu': 0, 'islam': 0.7156862745098039, 'jewish': 0.8709677419354839, 'men': 0.0, 'women': 0.304635761589404, 'heterosexual': 0, 'homosexual': 0.6923076923076923, 'indigenous': 0, 'refugee': 0.5194805194805194, 'immigrant': 0, 'disability': 0.0, 'none': 0.8248502994011976}","{'african': 0.8184818481848185, 'arab': 0.7142857142857143, 'asian': 0.5714285714285715, 'caucasian': 0.22580645161290322, 'christian': 0, 'hispanic': 0.75, 'buddhism': 0, 'hindu': 0, 'islam': 0.7786666666666667, 'jewish': 0.8756756756756756, 'men': 0, 'women': 0.39484978540772536, 'heterosexual': 0, 'homosexual': 0.7522388059701492, 'indigenous': 0, 'refugee': 0.6106870229007634, 'immigrant': 0, 'disability': 0, 'none': 0.6896120150187736}",0.42272206980516047,0.3546441222278028,0.37798592406061904
pfl-research/benchmarks/hf_checkpoint/final_fl/fl_4_retry_0/checkpoint-89,"
Classification Report:

              precision    recall  f1-score   support

 hate speech       0.80      0.76      0.78       593
      normal       0.71      0.82      0.76       781
   offensive       0.56      0.45      0.50       548
   undecided       0.00      0.00      0.00         0

    accuracy                           0.70      1922
   macro avg       0.52      0.51      0.51      1922
weighted avg       0.69      0.70      0.69      1922
",0.6969302809573362,0.6773326396115158,0.7001462701121404,0.694055099081682,0.6970873786407766,"{'african': 0.8333333333333334, 'arab': 0.7727272727272727, 'asian': 0.6071428571428571, 'caucasian': 0.5384615384615384, 'christian': 0, 'hispanic': 0.8333333333333334, 'buddhism': 0, 'hindu': 0, 'islam': 0.8426966292134831, 'jewish': 0.868421052631579, 'men': 0, 'women': 0.5652173913043478, 'heterosexual': 0, 'homosexual': 0.7962962962962963, 'indigenous': 0, 'refugee': 0.7166666666666667, 'immigrant': 0, 'disability': 0, 'none': 0.6004415011037527}","{'african': 0.8064516129032258, 'arab': 0.6623376623376623, 'asian': 0.5, 'caucasian': 0.14583333333333334, 'christian': 0.0, 'hispanic': 0.7142857142857143, 'buddhism': 0, 'hindu': 0, 'islam': 0.7352941176470589, 'jewish': 0.8870967741935484, 'men': 0.0, 'women': 0.3443708609271523, 'heterosexual': 0, 'homosexual': 0.7087912087912088, 'indigenous': 0, 'refugee': 0.5584415584415584, 'immigrant': 0, 'disability': 0.0, 'none': 0.8143712574850299}","{'african': 0.819672131147541, 'arab': 0.7132867132867133, 'asian': 0.5483870967741935, 'caucasian': 0.22950819672131148, 'christian': 0, 'hispanic': 0.7692307692307692, 'buddhism': 0, 'hindu': 0, 'islam': 0.7853403141361257, 'jewish': 0.8776595744680851, 'men': 0, 'women': 0.4279835390946502, 'heterosexual': 0, 'homosexual': 0.7499999999999999, 'indigenous': 0, 'refugee': 0.6277372262773723, 'immigrant': 0, 'disability': 0, 'none': 0.6912325285895806}",0.4197230459060242,0.36196179475502593,0.3810546363013864
pfl-research/benchmarks/hf_checkpoint/final_fl/fl_4_retry_0/checkpoint-9,"
Classification Report:

              precision    recall  f1-score   support

 hate speech       0.88      0.04      0.07       593
      normal       0.45      0.96      0.61       781
   offensive       0.21      0.09      0.12       548
   undecided       0.00      0.00      0.00         0

    accuracy                           0.43      1922
   macro avg       0.38      0.27      0.20      1922
weighted avg       0.51      0.43      0.30      1922
",0.6186697884148458,0.602428026361429,0.6183897093854216,0.6273562107298212,0.6228406909788867,"{'african': 0.6743589743589744, 'arab': 0.65, 'asian': 0.5588235294117647, 'caucasian': 0.3448275862068966, 'christian': 0, 'hispanic': 0.6470588235294118, 'buddhism': 0, 'hindu': 0, 'islam': 0.6607142857142857, 'jewish': 0.7914691943127962, 'men': 0, 'women': 0.38783269961977185, 'heterosexual': 0, 'homosexual': 0.6153846153846154, 'indigenous': 0.0, 'refugee': 0.5454545454545454, 'immigrant': 0, 'disability': 0.0, 'none': 0.6475972540045767}","{'african': 0.8483870967741935, 'arab': 0.33766233766233766, 'asian': 0.5588235294117647, 'caucasian': 0.20833333333333334, 'christian': 0.0, 'hispanic': 0.6285714285714286, 'buddhism': 0, 'hindu': 0, 'islam': 0.9068627450980392, 'jewish': 0.8978494623655914, 'men': 0.0, 'women': 0.6754966887417219, 'heterosexual': 0, 'homosexual': 0.9230769230769231, 'indigenous': 0, 'refugee': 0.6233766233766234, 'immigrant': 0, 'disability': 0.0, 'none': 0.4236526946107784}","{'african': 0.7514285714285714, 'arab': 0.4444444444444445, 'asian': 0.5588235294117647, 'caucasian': 0.25974025974025977, 'christian': 0, 'hispanic': 0.6376811594202899, 'buddhism': 0, 'hindu': 0, 'islam': 0.7644628099173554, 'jewish': 0.8413098236775818, 'men': 0, 'women': 0.49275362318840576, 'heterosexual': 0, 'homosexual': 0.7384615384615384, 'indigenous': 0, 'refugee': 0.5818181818181818, 'immigrant': 0, 'disability': 0, 'none': 0.5122171945701358}",0.34334323726303356,0.37011015068540715,0.3464811124251858
pfl-research/benchmarks/hf_checkpoint/final_fl/fl_4_retry_0/checkpoint-94,"
Classification Report:

              precision    recall  f1-score   support

 hate speech       0.79      0.77      0.78       593
      normal       0.71      0.83      0.76       781
   offensive       0.56      0.45      0.50       548
   undecided       0.00      0.00      0.00         0

    accuracy                           0.70      1922
   macro avg       0.52      0.51      0.51      1922
weighted avg       0.69      0.70      0.69      1922
",0.6954561220950399,0.6770724939299341,0.6987834549878346,0.694055099081682,0.6964112512124152,"{'african': 0.8333333333333334, 'arab': 0.7692307692307693, 'asian': 0.6071428571428571, 'caucasian': 0.5714285714285714, 'christian': 0, 'hispanic': 0.8333333333333334, 'buddhism': 0, 'hindu': 0, 'islam': 0.8418079096045198, 'jewish': 0.8631578947368421, 'men': 0, 'women': 0.5638297872340425, 'heterosexual': 0, 'homosexual': 0.7962962962962963, 'indigenous': 0, 'refugee': 0.7288135593220338, 'immigrant': 0, 'disability': 0, 'none': 0.6008820286659317}","{'african': 0.8064516129032258, 'arab': 0.6493506493506493, 'asian': 0.5, 'caucasian': 0.16666666666666666, 'christian': 0.0, 'hispanic': 0.7142857142857143, 'buddhism': 0, 'hindu': 0, 'islam': 0.7303921568627451, 'jewish': 0.8817204301075269, 'men': 0.0, 'women': 0.3509933774834437, 'heterosexual': 0, 'homosexual': 0.7087912087912088, 'indigenous': 0, 'refugee': 0.5584415584415584, 'immigrant': 0, 'disability': 0.0, 'none': 0.8158682634730539}","{'african': 0.819672131147541, 'arab': 0.7042253521126761, 'asian': 0.5483870967741935, 'caucasian': 0.25806451612903225, 'christian': 0, 'hispanic': 0.7692307692307692, 'buddhism': 0, 'hindu': 0, 'islam': 0.7821522309711286, 'jewish': 0.8723404255319148, 'men': 0, 'women': 0.4326530612244898, 'heterosexual': 0, 'homosexual': 0.7499999999999999, 'indigenous': 0, 'refugee': 0.6323529411764706, 'immigrant': 0, 'disability': 0, 'none': 0.6920634920634922}",0.4215398073857121,0.3622611388613575,0.38216536928219513
pfl-research/benchmarks/hf_checkpoint/final_fl/fl_4_retry_0/checkpoint-99,"
Classification Report:

              precision    recall  f1-score   support

 hate speech       0.79      0.77      0.78       593
      normal       0.71      0.83      0.77       781
   offensive       0.56      0.45      0.50       548
   undecided       0.00      0.00      0.00         0

    accuracy                           0.70      1922
   macro avg       0.52      0.51      0.51      1922
weighted avg       0.69      0.70      0.69      1922
",0.6965834200485606,0.6770724939299341,0.7001462701121404,0.694055099081682,0.6970873786407766,"{'african': 0.8327759197324415, 'arab': 0.7727272727272727, 'asian': 0.6071428571428571, 'caucasian': 0.5384615384615384, 'christian': 0, 'hispanic': 0.8275862068965517, 'buddhism': 0, 'hindu': 0, 'islam': 0.847457627118644, 'jewish': 0.868421052631579, 'men': 0, 'women': 0.5698924731182796, 'heterosexual': 0, 'homosexual': 0.8024691358024691, 'indigenous': 0, 'refugee': 0.7241379310344828, 'immigrant': 0, 'disability': 0, 'none': 0.6015452538631346}","{'african': 0.8032258064516129, 'arab': 0.6623376623376623, 'asian': 0.5, 'caucasian': 0.14583333333333334, 'christian': 0.0, 'hispanic': 0.6857142857142857, 'buddhism': 0, 'hindu': 0, 'islam': 0.7352941176470589, 'jewish': 0.8870967741935484, 'men': 0.0, 'women': 0.3509933774834437, 'heterosexual': 0, 'homosexual': 0.7142857142857143, 'indigenous': 0, 'refugee': 0.5454545454545454, 'immigrant': 0, 'disability': 0.0, 'none': 0.8158682634730539}","{'african': 0.8177339901477833, 'arab': 0.7132867132867133, 'asian': 0.5483870967741935, 'caucasian': 0.22950819672131148, 'christian': 0, 'hispanic': 0.75, 'buddhism': 0, 'hindu': 0, 'islam': 0.7874015748031497, 'jewish': 0.8776595744680851, 'men': 0, 'women': 0.43442622950819676, 'heterosexual': 0, 'homosexual': 0.7558139534883721, 'indigenous': 0, 'refugee': 0.6222222222222222, 'immigrant': 0, 'disability': 0, 'none': 0.6925031766200762}",0.4206640667646974,0.3603212568618031,0.38047066989684747
